centre,height,width,area
0.15313706712831004,-0.7210378048534919,0.015214553810080614,0.007339635054804814
0.20672243434181659,0.8022816492248048,0.016131975744163238,0.0086590775416792
0.2981468738739708,-0.7537656205977101,0.0162392088819803,0.008189519158254182
0.3661868473275811,-0.7761159842494884,0.016479398153909846,0.008557071965497709
0.4094939136295262,-0.9409097426352324,0.01557047009979476,0.009801824000493207
0.5164469575753882,0.7871710197136214,0.01776265756743838,0.009354794467043001
0.7770860565574634,0.6156611198029336,0.018847540823450016,0.007763429801721572
0.8168541310701665,-0.8501072299550835,0.011831154164392762,0.006729116279430779
0.8675404723019733,-0.9437532545518952,0.012808659598865919,0.00808759427537501